[
    {
      "name":"parijatha",
      "address":"main road kundapura",
      "delivery_charge": 50,
      "image":"https://r1imghtlak.mmtcdn.com/d40e3a9656f411eb81280242ac110003.jpg?&output-quality=75&downsize=910:612&crop=910:612;184,0&output-format=jpg",


      "hours":{
        "Sunday":"11:00 AM - 7:00 PM",
        "Monday":"10:00 AM - 9:00 PM",
        "Tuesday":"10:00 AM - 10:00 PM",
        "Wednesday":"10:00 AM - 11:00 PM",
        "Thursday":"10:00 AM - 10:00 PM",
        "Friday":"10:00 AM - 11:00 PM",
        "Saturday":"10:00 AM - 2:00 PM"
      },
      "menus": [
        {
          "name": "Idli sambaar",
          "price": 50,
          "url": "https://www.vegrecipesofindia.com/wp-content/uploads/2021/06/idli-recipe-4.jpg"
        },
        {
          "name": "Masala Dosa",
          "price": 65,
          "url": "https://res.cloudinary.com/swiggy/image/upload/f_auto,q_auto,fl_lossy/micowi4rq3d6gmjo2dww"
        },
        {
          "name": "Puri Kurma",
          "price": 54,
          "url": "https://madhurasrecipe.com/wp-content/uploads/2020/10/Aloo-Kurma-Puri-Marathi-Recipe.jpg"
        },
        {
          "name": "Plain Dosa",
          "price": 48,
          "url": "https://b.zmtcdn.com/data/dish_photos/556/dad1a0843839caa8bc5b484769105556.jpg"
        },
        {
          "name": "Chapathi kurma",
          "price": 40,
          "url": "https://b.zmtcdn.com/data/dish_photos/f2d/7eb903f07fa68b009995cdcefe262f2d.jpg"
        }
      ]
    },
    {
      "name":"Prabhu Cream Parlor",
      "address":"Main Road Kundapura",
      "delivery_charge": 40,
      "image":"https://content3.jdmagicbox.com/comp/udupi/x7/0820px820.x820.140530224800.v5x7/catalogue/prabhu-cream-parlour-kundapura-market-udupi-udupi-ice-cream-parlours-02dq2jsvhh.jpg",


      "hours":{
        "Sunday":"11:00 AM - 7:00 PM",
        "Monday":"10:00 AM - 10:00 PM",
        "Tuesday":"10:00 AM - 10:00 PM",
        "Wednesday":"10:00 AM - 8:00 PM",
        "Thursday":"10:00 AM - 10:00 PM",
        "Friday":"10:00 AM - 10:00 PM",
        "Saturday":"9:00 AM - 1:00 PM"
      },
      "menus": [
        {
          "name": "gudbud",
          "price": 76,
          "url": "https://images.jdmagicbox.com/comp/udupi/i7/0820px820.x820.101221152229.q9i7/catalogue/mantap-ice-cream-parlour-saligrama-udupi-restaurants-fkbew0wfqn.jpg?clr="
        },
        {
          "name": "Navrathna",
          "price": 60,
          "url": "https://content.jdmagicbox.com/comp/udupi/x7/0820px820.x820.140530224800.v5x7/catalogue/prabhu-cream-parlour-kundapura-market-udupi-udupi-ice-cream-parlours-obtsvf-250.jpg"
        },
        {
          "name": "Milkshake",
          "price": 69,
          "url": "https://files.heftycdn.com/wp-content/uploads/2020/06/7c19980b4ec07e741b2823ea45370467.png"
        },
        {
          "name": "Chocolate Shake",
          "price": 70,
          "url": "https://www.mcdonalds.com/is/image/content/dam/usa/nfl/nutrition/items/hero/desktop/t-mcdonalds-Chocolate-McCafe-Shake-Medium.jpg?$Product_Desktop$"
        },
        {
          "name": "Strawberry Shake",
          "price": 70,
          "url": "https://www.mcdonalds.com/is/image/content/dam/usa/nfl/nutrition/items/hero/desktop/t-mcdonalds-Strawberry-McCafe-Shake-Medium.jpg?$Product_Desktop$"

        }
      ]
    },
  {
    "name":"Shetty lunch home",
    "address":"Bus stand,near new city,Kundapura",
    "delivery_charge": 50,
    "image":"https://cdn.aroundmangalore.com/wp-content/uploads/2021/08/Shetty-Lunch-Home-Seafood-Restaurant-Kundapur-Karnataka.jpg",

    "hours":{
      "Sunday":"11:00 AM - 7:00 PM",
      "Monday":"10:00 AM - 10:00 PM",
      "Tuesday":"10:00 AM - 10:00 PM",
      "Wednesday":"10:00 AM - 8:00 PM",
      "Thursday":"10:00 AM - 10:00 PM",
      "Friday":"10:00 AM - 10:00 PM",
      "Saturday":"9:00 AM - 2:00 PM"
    },
    "menus": [
      {
        "name": "Chicken Gheeroast",
        "price": 1050,
        "url": "https://media-cdn.tripadvisor.com/media/photo-s/0e/f7/cc/29/shetty-s-lunch-home.jpg"
      },
      {
        "name": "Paneer Gheeroast",
        "price": 770,
        "url": "https://encrypted-tbn0.gstatic.com/images?q=tbn:ANd9GcQWoGSUQK0yAQVGeL3nY4geFJbU1pv-uOF7DQ&usqp=CAU"
      },
      {
        "name": "Prawn Gheeroast",
        "price": 900,
        "url": "https://2.bp.blogspot.com/-JjfpskT1Er4/VhAAzt5oIkI/AAAAAAAAStc/pFGCRVmg0CE/s1600/04.jpg"
      },
      {
        "name": "Fish Masalafry",
        "price": 400,
        "url": "https://media-cdn.tripadvisor.com/media/photo-s/0f/22/db/09/shetty-lunch-home.jpg"
      },
      {
        "name": "Biryani",
        "price": 180,
        "url": "https://b.zmtcdn.com/data/dish_photos/32a/3f34599daab15bd1ea506b60ca3ef32a.jpg"

      }
    ]
  },
  {
    "name":"Swadisht",
    "address":"Shastri circle Kundapura",
    "delivery_charge": 60,
    "image":"https://lh5.googleusercontent.com/p/AF1QipO-bAsES7F0UQctOGsWG4XuRSeMUNbMrvx_2XWU=w480-h300-k-n",
    "hours":{
      "Sunday":"11:00 AM - 7:00 PM",
      "Monday":"10:00 AM - 10:00 PM",
      "Tuesday":"10:00 AM - 10:00 PM",
      "Wednesday":"10:00 AM - 8:00 PM",
      "Thursday":"10:00 AM - 10:00 PM",
      "Friday":"10:00 AM - 10:00 PM",
      "Saturday":"10:00 AM - 3:00 PM"
    },
    "menus": [
      {
        "name": "Chicken Chilly",
        "price": 250,
        "url": "https://b.zmtcdn.com/data/dish_photos/5d6/e4123c08e9fb5fe62fbe73f3b17775d6.jpg?fit=around%7C200%3A200&crop=200%3A200%3B%2A%2C%2A"
      },
      {
        "name": "Chickem lollipop",
        "price": 285,
        "url": "https://b.zmtcdn.com/data/dish_photos/42e/d75d88016e9a9394d9e0a0de16a7542e.jpg"
      },
      {
        "name": "Egg chilly",
        "price": 150,
        "url": "https://www.licious.in/blog/wp-content/uploads/2021/11/shutterstock_2004853295-750x750.jpg"
      },
      {
        "name": "Egg Manuchurian ",
        "price": 140,
        "url": "https://static.toiimg.com/thumb/62554826.cms?imgsize=238790&width=800&height=800"
      }
    ]
  }
]